{"menu":"[{\"id\":\"139\",\"title\":\"\\u5fae\\u535a\",\"pid\":\"0\",\"sort\":\"8\",\"url\":\"Weibo\\\/weibo\",\"hide\":\"1\",\"tip\":\"\",\"group\":\"\",\"is_dev\":\"0\",\"icon\":\"\",\"module\":\"Weibo\",\"_\":[{\"id\":\"140\",\"title\":\"\\u5fae\\u535a\\u7ba1\\u7406\",\"pid\":\"139\",\"sort\":\"1\",\"url\":\"Weibo\\\/weibo\",\"hide\":\"0\",\"tip\":\"\",\"group\":\"\\u5fae\\u535a\",\"is_dev\":\"0\",\"icon\":\"\",\"module\":\"Weibo\",\"_\":null},{\"id\":\"141\",\"title\":\"\\u56de\\u590d\\u7ba1\\u7406\",\"pid\":\"139\",\"sort\":\"3\",\"url\":\"Weibo\\\/comment\",\"hide\":\"0\",\"tip\":\"\",\"group\":\"\\u56de\\u590d\",\"is_dev\":\"0\",\"icon\":\"\",\"module\":\"Weibo\",\"_\":null},{\"id\":\"142\",\"title\":\"\\u7f16\\u8f91\\u5fae\\u535a\",\"pid\":\"139\",\"sort\":\"0\",\"url\":\"Weibo\\\/editWeibo\",\"hide\":\"1\",\"tip\":\"\",\"group\":\"\",\"is_dev\":\"0\",\"icon\":\"\",\"module\":\"Weibo\",\"_\":null},{\"id\":\"143\",\"title\":\"\\u7f16\\u8f91\\u56de\\u590d\",\"pid\":\"139\",\"sort\":\"0\",\"url\":\"Weibo\\\/editComment\",\"hide\":\"1\",\"tip\":\"\",\"group\":\"\",\"is_dev\":\"0\",\"icon\":\"\",\"module\":\"Weibo\",\"_\":null},{\"id\":\"144\",\"title\":\"\\u5fae\\u535a\\u56de\\u6536\\u7ad9\",\"pid\":\"139\",\"sort\":\"2\",\"url\":\"Weibo\\\/weiboTrash\",\"hide\":\"0\",\"tip\":\"\",\"group\":\"\\u5fae\\u535a\",\"is_dev\":\"0\",\"icon\":\"\",\"module\":\"Weibo\",\"_\":null},{\"id\":\"145\",\"title\":\"\\u56de\\u590d\\u56de\\u6536\\u7ad9\",\"pid\":\"139\",\"sort\":\"4\",\"url\":\"Weibo\\\/commentTrash\",\"hide\":\"0\",\"tip\":\"\",\"group\":\"\\u56de\\u590d\",\"is_dev\":\"0\",\"icon\":\"\",\"module\":\"Weibo\",\"_\":null},{\"id\":\"146\",\"title\":\"\\u5fae\\u535a\\u8bbe\\u7f6e\",\"pid\":\"139\",\"sort\":\"0\",\"url\":\"Weibo\\\/config\",\"hide\":\"0\",\"tip\":\"\\u5fae\\u535a\\u7684\\u57fa\\u672c\\u914d\\u7f6e\",\"group\":\"\\u8bbe\\u7f6e\",\"is_dev\":\"0\",\"icon\":\"\",\"module\":\"Weibo\",\"_\":null},{\"id\":\"147\",\"title\":\"\\u8bdd\\u9898\\u7ba1\\u7406\",\"pid\":\"139\",\"sort\":\"0\",\"url\":\"Weibo\\\/topic\",\"hide\":\"0\",\"tip\":\"\\u5fae\\u535a\\u7684\\u8bdd\\u9898\",\"group\":\"\\u8bdd\\u9898\\u7ba1\\u7406\",\"is_dev\":\"0\",\"icon\":\"\",\"module\":\"Weibo\",\"_\":null},{\"id\":\"388\",\"title\":\"\\u7f6e\\u9876\\u5fae\\u535a\",\"pid\":\"139\",\"sort\":\"0\",\"url\":\"Weibo\\\/setWeiboTop\",\"hide\":\"1\",\"tip\":\"\",\"group\":\"\",\"is_dev\":\"0\",\"icon\":\"\",\"module\":\"Weibo\",\"_\":null},{\"id\":\"389\",\"title\":\"\\u8bbe\\u7f6e\\u5fae\\u535a\\u72b6\\u6001\",\"pid\":\"139\",\"sort\":\"0\",\"url\":\"Weibo\\\/setWeiboStatus\",\"hide\":\"1\",\"tip\":\"\",\"group\":\"\",\"is_dev\":\"0\",\"icon\":\"\",\"module\":\"Weibo\",\"_\":null},{\"id\":\"390\",\"title\":\"\\u8bbe\\u7f6e\\u5fae\\u535a\\u8bc4\\u8bba\\u72b6\\u6001\",\"pid\":\"139\",\"sort\":\"0\",\"url\":\"Weibo\\\/setCommentStatus\",\"hide\":\"1\",\"tip\":\"\",\"group\":\"\",\"is_dev\":\"0\",\"icon\":\"\",\"module\":\"Weibo\",\"_\":null},{\"id\":\"391\",\"title\":\"\\u8bbe\\u7f6e\\u7f6e\\u9876\\u8bdd\\u9898\",\"pid\":\"139\",\"sort\":\"0\",\"url\":\"Weibo\\\/setTopicTop\",\"hide\":\"1\",\"tip\":\"\",\"group\":\"\",\"is_dev\":\"0\",\"icon\":\"\",\"module\":\"Weibo\",\"_\":null},{\"id\":\"392\",\"title\":\"\\u5220\\u9664\\u8bdd\\u9898\",\"pid\":\"139\",\"sort\":\"0\",\"url\":\"Weibo\\\/delTopic\",\"hide\":\"1\",\"tip\":\"\",\"group\":\"\",\"is_dev\":\"0\",\"icon\":\"\",\"module\":\"Weibo\",\"_\":null}]}]","default_rule":"[\"Weibo\\\/Index\\\/doSendRepost\",\"Weibo\\\/Index\\\/doSend\",\"Weibo\\\/Index\\\/doComment\",\"Weibo\\\/Topic\\\/beAdmin\"]","auth_rule":"[{\"id\":\"370\",\"module\":\"Weibo\",\"type\":\"1\",\"name\":\"Weibo\\\/Index\\\/doSendRepost\",\"title\":\"\\u8f6c\\u53d1\\u5fae\\u535a\",\"status\":\"1\",\"condition\":\"\"},{\"id\":\"369\",\"module\":\"Weibo\",\"type\":\"1\",\"name\":\"Weibo\\\/Index\\\/doDelWeibo\",\"title\":\"\\u5220\\u9664\\u5fae\\u535a(\\u7ba1\\u7406)\",\"status\":\"1\",\"condition\":\"\"},{\"id\":\"368\",\"module\":\"Weibo\",\"type\":\"1\",\"name\":\"Weibo\\\/Index\\\/doSend\",\"title\":\"\\u53d1\\u5fae\\u535a\",\"status\":\"1\",\"condition\":\"\"},{\"id\":\"371\",\"module\":\"Weibo\",\"type\":\"1\",\"name\":\"Weibo\\\/Index\\\/doComment\",\"title\":\"\\u8bc4\\u8bba\\u5fae\\u535a\",\"status\":\"1\",\"condition\":\"\"},{\"id\":\"372\",\"module\":\"Weibo\",\"type\":\"1\",\"name\":\"Weibo\\\/Index\\\/doDelComment\",\"title\":\"\\u5220\\u9664\\u8bc4\\u8bba\\u5fae\\u535a(\\u7ba1\\u7406)\",\"status\":\"1\",\"condition\":\"\"},{\"id\":\"373\",\"module\":\"Weibo\",\"type\":\"1\",\"name\":\"Weibo\\\/Index\\\/setTop\",\"title\":\"\\u5fae\\u535a\\u7f6e\\u9876(\\u7ba1\\u7406)\",\"status\":\"1\",\"condition\":\"\"},{\"id\":\"374\",\"module\":\"Weibo\",\"type\":\"1\",\"name\":\"Weibo\\\/Topic\\\/beAdmin\",\"title\":\"\\u62a2\\u5148\\u6210\\u4e3a\\u8bdd\\u9898\\u4e3b\\u6301\\u4eba\",\"status\":\"1\",\"condition\":\"\"},{\"id\":\"375\",\"module\":\"Weibo\",\"type\":\"1\",\"name\":\"Weibo\\\/Topic\\\/editTopic\",\"title\":\"\\u7ba1\\u7406\\u8bdd\\u9898(\\u7ba1\\u7406)\",\"status\":\"1\",\"condition\":\"\"}]","action":"[{\"id\":\"10\",\"name\":\"add_weibo\",\"title\":\"\\u53d1\\u5e03\\u5fae\\u535a\",\"remark\":\"\\u65b0\\u589e\\u5fae\\u535a\",\"rule\":\"a:1:{i:0;a:5:{s:5:\\\"table\\\";s:6:\\\"member\\\";s:5:\\\"field\\\";s:1:\\\"1\\\";s:4:\\\"rule\\\";s:3:\\\"+10\\\";s:5:\\\"cycle\\\";s:2:\\\"24\\\";s:3:\\\"max\\\";s:3:\\\"100\\\";}}\",\"log\":\"[user|get_nickname]\\u5728[time|time_format]\\u53d1\\u5e03\\u4e86\\u65b0\\u5fae\\u535a\\uff1a[record|intval]\",\"type\":\"1\",\"status\":\"1\",\"update_time\":\"1428397669\",\"module\":\"Weibo\"},{\"id\":\"11\",\"name\":\"add_weibo_comment\",\"title\":\"\\u6dfb\\u52a0\\u5fae\\u535a\\u8bc4\\u8bba\",\"remark\":\"\\u6dfb\\u52a0\\u5fae\\u535a\\u8bc4\\u8bba\",\"rule\":\"a:1:{i:0;a:5:{s:5:\\\"table\\\";s:6:\\\"member\\\";s:5:\\\"field\\\";s:1:\\\"1\\\";s:4:\\\"rule\\\";s:2:\\\"+5\\\";s:5:\\\"cycle\\\";s:2:\\\"24\\\";s:3:\\\"max\\\";s:3:\\\"100\\\";}}\",\"log\":\"[user|get_nickname]\\u5728[time|time_format]\\u6dfb\\u52a0\\u4e86\\u5fae\\u535a\\u8bc4\\u8bba\\uff1a[record|intval]\",\"type\":\"1\",\"status\":\"1\",\"update_time\":\"1428399164\",\"module\":\"Weibo\"},{\"id\":\"12\",\"name\":\"del_weibo_comment\",\"title\":\"\\u5220\\u9664\\u5fae\\u535a\\u8bc4\\u8bba\",\"remark\":\"\\u5220\\u9664\\u5fae\\u535a\\u8bc4\\u8bba\",\"rule\":\"\",\"log\":\"[user|get_nickname]\\u5728[time|time_format]\\u5220\\u9664\\u4e86\\u5fae\\u535a\\u8bc4\\u8bba\\uff1a[record|intval]\",\"type\":\"1\",\"status\":\"1\",\"update_time\":\"1428399164\",\"module\":\"Weibo\"},{\"id\":\"13\",\"name\":\"del_weibo\",\"title\":\"\\u5220\\u9664\\u5fae\\u535a\",\"remark\":\"\\u5220\\u9664\\u5fae\\u535a\",\"rule\":\"\",\"log\":\"[user|get_nickname]\\u5728[time|time_format]\\u5220\\u9664\\u4e86\\u5fae\\u535a\\uff1a[record|intval]\",\"type\":\"1\",\"status\":\"1\",\"update_time\":\"1428461334\",\"module\":\"Weibo\"},{\"id\":\"14\",\"name\":\"set_weibo_top\",\"title\":\"\\u7f6e\\u9876\\u5fae\\u535a\",\"remark\":\"\\u7f6e\\u9876\\u5fae\\u535a\",\"rule\":\"\",\"log\":\"[user|get_nickname]\\u5728[time|time_format]\\u7f6e\\u9876\\u4e86\\u5fae\\u535a\\uff1a[record|intval]\",\"type\":\"1\",\"status\":\"1\",\"update_time\":\"1428399164\",\"module\":\"Weibo\"},{\"id\":\"15\",\"name\":\"set_weibo_down\",\"title\":\"\\u53d6\\u6d88\\u7f6e\\u9876\\u5fae\\u535a\",\"remark\":\"\\u53d6\\u6d88\\u7f6e\\u9876\\u5fae\\u535a\",\"rule\":\"\",\"log\":\"[user|get_nickname]\\u5728[time|time_format]\\u53d6\\u6d88\\u7f6e\\u9876\\u4e86\\u5fae\\u535a\\uff1a[record|intval]\",\"type\":\"1\",\"status\":\"1\",\"update_time\":\"1428462983\",\"module\":\"Weibo\"}]","action_limit":"[{\"id\":\"3\",\"title\":\"add_weibo\",\"name\":\"\\u65b0\\u589e\\u5fae\\u535a\",\"frequency\":\"1\",\"time_number\":\"10\",\"time_unit\":\"second\",\"punish\":\"warning\",\"if_message\":\"0\",\"message_content\":\"\",\"action_list\":\"[add_weibo]\",\"status\":\"1\",\"create_time\":\"0\",\"module\":\"Weibo\"},{\"id\":\"4\",\"title\":\"add_weibo_comment\",\"name\":\"\\u6dfb\\u52a0\\u5fae\\u535a\\u8bc4\\u8bba\",\"frequency\":\"1\",\"time_number\":\"10\",\"time_unit\":\"second\",\"punish\":\"warning\",\"if_message\":\"0\",\"message_content\":\"\",\"action_list\":\"[add_weibo_comment]\",\"status\":\"1\",\"create_time\":\"0\",\"module\":\"Weibo\"}]"}